datetime,NVDA,OXY,TXG,CVE,FTNT,TWST
2026-10-01 15:30:00,230.97,57.835,88.745,31.64,178.74,188.02
2026-10-01 14:30:00,231.435,57.695,89.63,31.67,179.2,193.78
2026-10-01 13:30:00,231.21,57.565,89.37,31.685,178.09,194.58
2026-10-01 12:30:00,230.8,56.95,89.165,31.51,178.25,195.505
2026-10-01 11:30:00,230.38,57.255,90.395,31.7,177.13,198.25
2026-10-01 10:30:00,230.53,57.025,90.44,31.58,177.95,199.08
2026-10-01 09:30:00,229.86,56.99,90.65,31.525,178.245,197.74
2026-09-30 15:30:00,228.28999,55.315,90.36,31.09,178.8,193.2672
2026-09-30 14:30:00,230.705,55.4,91.14,31.15,179.39999,194.4225
2026-09-30 13:30:00,230.78999,55.43,92.38,31.44,179.92,195.96001
2026-09-30 12:30:00,230.2,55.595,92.695,31.545,179.41,193.94501
2026-09-30 11:30:00,230.31,55.49,92.985,31.575,180.19,194.56
2026-09-30 10:30:00,230.345,55.19,93.38,31.57,180.03999,192.17999
2026-09-30 09:30:00,231.05499,55.02,91.31,31.43,178.08,189.06
2026-09-29 15:30:00,227.3,54.945,90.04,30.985,176.03,186.17
2026-09-29 14:30:00,228,54.99,90.79,30.955,176.07001,186.235
2026-09-29 13:30:00,227.86079,55.02,90.23,30.965,175.39999,186.235
2026-09-29 12:30:00,229.22,55.175,88.41,31.065,174.715,182.47
2026-09-29 11:30:00,230.35001,55.5101,88.89,31.15,174.5164,182.92
2026-09-29 10:30:00,229.925,55.505,88.2,31.155,174.845,181.755
2026-09-29 09:30:00,230.49001,55.52,89.215,31.21,174.45,183.56
2026-09-28 15:30:00,228.88,56.11,88.521,31.135,176.33,179.61
2026-09-28 14:30:00,229.325,56.185,88.91,31.2508,176.75,180.53
2026-09-28 13:30:00,229.85001,56.32,88.487,31.325,176.015,181.53999
2026-09-28 12:30:00,230.069,56.695,89.28,31.46,176.015,183
2026-09-28 11:30:00,231.86951,56.44,89.28,31.2525,175.53999,181.13
2026-09-28 10:30:00,230.22929,56.945,86.44,31.59,175.87,180.95
2026-09-28 09:30:00,231.27,56.955,85.675,31.5,173.61,181.8195
2026-09-25 15:30:00,225.08,56.86,85.71,30.945,173.42,183.03
2026-09-25 14:30:00,223.7943,56.855,84.595,30.87,173.12,182
2026-09-25 13:30:00,224.355,56.8025,84.5499,30.73,174.50999,184.75999
2026-09-25 12:30:00,225.06,56.73,84.385,30.685,174.9839,183.285
2026-09-25 11:30:00,225.03,56.81,83.81,30.755,174.69,182.75
2026-09-25 10:30:00,224.16,57.335,82.59,31.09,175.37601,182.47
2026-09-25 09:30:00,223.27,57.03,82.36,30.89,174.99001,181.91499
2026-09-24 15:30:00,224.53999,58.04,84.14,31.28,178.7,184.03
2026-09-24 14:30:00,223.75999,58.04,85.1,31.425,180.48,181.24001
2026-09-24 13:30:00,223.96001,57.89,82.9154,31.435,179.88499,178.8242
2026-09-24 12:30:00,224.13,58.005,82.02,31.59,179.7,176.19
2026-09-24 11:30:00,223.3564,57.825,81.38,31.58,179.905,172.17999
2026-09-24 10:30:00,221.95,58.525,80.17,31.88,179.55,172.66
2026-09-24 09:30:00,222.465,58.4775,81.115,31.64,180.39999,177.7
2026-09-23 15:30:00,225.50999,57.37,75.56,31.065,178.75999,158.48
2026-09-23 14:30:00,225.10001,57.395,75.275,30.975,178.22,158.57001
2026-09-23 13:30:00,225.535,57.565,75.09,30.965,177.72,158.64999
2026-09-23 12:30:00,224.45,57.52,75.47,30.655,177.12,159.42999
2026-09-23 11:30:00,224.52,57.84,77.19,31.48,176.72,160.11
2026-09-23 10:30:00,225.37,57.865,76.99,31.56,177.71001,158.75999
2026-09-23 09:30:00,225.605,57.68,78.54,31.56,174.27499,161.425
2026-09-22 15:30:00,228.83,56.305,80.75,31.33,174.24001,164.59
2026-09-22 14:30:00,229.6886,56.485,81.07,31.355,173.78,167.77
2026-09-22 13:30:00,229.42999,56.765,82.055,31.62,175.2,168.77
2026-09-22 12:30:00,229.47,57.08,82.32,31.715,174.53,167.7
2026-09-22 11:30:00,228.67999,57.13,82.04,31.895,172.08,167.35001
2026-09-22 10:30:00,228.815,57.21,81.95,31.73,172.17999,167.895
2026-09-22 09:30:00,228.23,56.9802,81.195,31.535,171.31,170.14999
2026-09-21 15:30:00,227.25,57.245,79.08,31.56,175.211,165.81
2026-09-21 14:30:00,227.395,57.1701,79.01,31.595,175.125,162.55
2026-09-21 13:30:00,227.44,57.5486,79.28,32.095,174.565,163.61
2026-09-21 12:30:00,227.2,57.2079,78.25,31.78,174.48,161.33
2026-09-21 11:30:00,225.58,57.11,78.945,31.885,174.255,162.56
2026-09-21 10:30:00,224.86,57.17,79.06,31.865,173.78999,164.75999
2026-09-21 09:30:00,223.64,57.41,78.92,31.92,172.63,165.56
2026-09-18 15:30:00,222.09,58.835,76.6,32.62,169.81,166.99001
2026-09-18 14:30:00,219.48,58.92,76.09,32.6,168.89,163.17999
2026-09-18 13:30:00,219.39,59.025,75.61,32.71,168.5334,160.75999
2026-09-18 12:30:00,220,59.005,75.905,32.6,168.315,161.33
2026-09-18 11:30:00,219.5396,58.92,76.4,32.645,168.10001,162.97
2026-09-18 10:30:00,219.83501,59.25,76.06,32.745,167.69,161.23241
2026-09-18 09:30:00,219.52,59.085,76.45,32.74,167.10001,160.44119
2026-09-17 15:30:00,219.39999,59.285,76.93,32.93,172.5,155.64
2026-09-17 14:30:00,219.59,59.16,77.56,32.775,173.2,157.59
2026-09-17 13:30:00,219.55,59.395,78.24,32.855,172.94,159.63499
2026-09-17 12:30:00,218.895,59.38,78.59,32.72,172.84,157.77049
2026-09-17 11:30:00,218.92999,58.875,78.96,32.61,173.58,159.8
2026-09-17 10:30:00,219.23,58.83,78.8125,32.61,174.23,159.2825
2026-09-17 09:30:00,219.50999,58.74,78.995,32.42,175.27499,162.23
2026-09-16 15:30:00,213.91,59.365,72.675,32.535,171.73,143.17999
2026-09-16 14:30:00,213.35001,59.43,72.03,32.52,171.24001,138.97
2026-09-16 13:30:00,215.5276,60.29,74.63,33.055,172.44,144.27
2026-09-16 12:30:00,215.44,60.415,74.73,32.925,172.295,143.67999
2026-09-16 11:30:00,215.87,60.375,74.655,32.93,171.91499,143.61
2026-09-16 10:30:00,215.85001,60.1188,74.9199,32.885,173.185,144.785
2026-09-16 09:30:00,215.02,60.57,73.74,33.18,172.2001,143.86
2026-09-15 15:30:00,212.17,63.52,74.38,33.925,172.39,137.98
2026-09-15 14:30:00,212.1364,63.32,74.505,33.8,172.62,136.81
2026-09-15 13:30:00,212.10001,63.525,74.89,33.865,172.81,137.99001
2026-09-15 12:30:00,211.33,63.54,75.09,33.97,172.25,135.645
2026-09-15 11:30:00,211.97,63.3802,74.58,33.81,172.065,136.48
2026-09-15 10:30:00,212.25999,63.31,74.6515,33.86,170.16,134.765
2026-09-15 09:30:00,212.7401,62.985,73.63,33.5,169.33501,134.78
2026-09-14 15:30:00,210.89,61.79,70.1,33.275,170.12,134.84
2026-09-14 14:30:00,212.105,61.6,70.01,33.235,169.85001,135.99001
2026-09-14 13:30:00,212.095,62.085,69.07,33.42,170.51711,134.05
2026-09-14 12:30:00,212.58,61.995,68.91,33.459,170.49001,134.92999
2026-09-14 11:30:00,211.78999,62.64418,67.445,33.7199,169.09,134.47
2026-09-14 10:30:00,211.46001,62.63,65.14,33.6,168.66991,128.92999
2026-09-14 09:30:00,210.455,62.635,66.58,33.7,166,128.56
2026-09-11 15:30:00,218.2,61.455,68.6,33.105,156.06,127.06
2026-09-11 14:30:00,218.41,61.405,69.005,32.975,156.38499,128.285
2026-09-11 13:30:00,219.50999,61.115,69.17,32.765,155.78,128.27
2026-09-11 12:30:00,219.25,61.05,68.51,32.745,155.505,127.26
2026-09-11 11:30:00,219.16,61.28,68.92,32.92,156.05,126.87
2026-09-11 10:30:00,220.1801,60.8,68.995,32.725,156.28,127.185
2026-09-11 09:30:00,221.60001,60.985,67.825,32.84,156.91,126.49
2026-09-10 15:30:00,218.38,61.165,66.41,33.33,158.84,126.885
2026-09-10 14:30:00,218.3,60.87,66.43,33.33,158.78999,127.04
2026-09-10 13:30:00,218.035,61.0083,67.08,33.4223,158.39999,129
2026-09-10 12:30:00,218.69,61.29,66.98,33.5095,158.86,128.39999
2026-09-10 11:30:00,217.75,61.2,67.07,33.46,160.17,127.405
2026-09-10 10:30:00,218.14999,60.925,66.59,33.385,160.92999,126.205
2026-09-10 09:30:00,218.23,60.48,67.6,33.27,159.38,129
2026-09-09 15:30:00,223.7,61.32,67.27,33.46,157.21001,125.37
2026-09-09 14:30:00,224.13499,61.545,66.76,33.34,156.75999,126.25
2026-09-09 13:30:00,224.19501,61.405,66.6,33.25,157.25,126.63
2026-09-09 12:30:00,224.27,61.33,66.155,33.275,157.21001,125.68
2026-09-09 11:30:00,223.86,61.605,66.455,33.295,156.94501,123.78
2026-09-09 10:30:00,223.5901,61.6396,66.365,33.43,157.83,123.585
2026-09-09 09:30:00,224.88499,61.905,64.81,33.41,158.57001,125.435
2026-09-08 15:30:00,225.77,60.66,65.61,33.185,157.48,128.03
2026-09-08 14:30:00,225.55,60.88,65.235,33.335,157.34,128.05
2026-09-08 13:30:00,226.08,60.87,65.345,33.465,156.41,129.00999
2026-09-08 12:30:00,225.64999,60.49,65.765,33.05,156.57001,131.42
2026-09-08 11:30:00,225.66,60.705,64.755,33.065,155.08,126.03
2026-09-08 10:30:00,226.87,61.085,64.225,33.36,155.77,126.46
2026-09-08 09:30:00,227.94231,61.505,63.25,33.435,153.55,122.93
2026-09-04 15:30:00,230.345,60.055,62.64,32.375,156.28,124.73
2026-09-04 14:30:00,229.87,60.07,62.415,32.425,156.3,124.635
2026-09-04 13:30:00,230.35001,60.13,61.86,32.465,156.48,124.5
2026-09-04 12:30:00,230.75,60.125,61.81,32.535,156.625,124.28
2026-09-04 11:30:00,231.155,60.05,62.035,32.44,156.595,125.18
2026-09-04 10:30:00,231.785,60.11,62.25,32.375,155.96001,125
2026-09-04 09:30:00,234.71609,60.07,61.93,32.43,157.83501,124.51
2026-09-03 15:30:00,228.39999,60.605,63.2,32.8,156.34,128.63
2026-09-03 14:30:00,229.53799,60.755,63.13,32.78,155.92,129.27
2026-09-03 13:30:00,229.50999,60.775,61.9493,32.78,157.17,129.58
2026-09-03 12:30:00,227.44,60.955,61.58,32.97,157.11,130.36
2026-09-03 11:30:00,227.03999,61.06,62.115,32.985,158.41,129.63499
2026-09-03 10:30:00,227.815,61.05,62.34,33.12,158.30499,129.89999
2026-09-03 09:30:00,227.39,61.14,61,33.1,156.66,129
2026-09-02 15:30:00,224.39999,60.91,61.69,32.805,154.55,131
2026-09-02 14:30:00,224.39999,61.095,61.61,32.975,154.62,129.84
2026-09-02 13:30:00,224.96001,61.08,61.39,32.915,153.59,130.10001
2026-09-02 12:30:00,225.5072,60.94,60.68,32.81,153.28,126.87
2026-09-02 11:30:00,227.03999,60.785,60.105,32.865,152.48,127.45
2026-09-02 10:30:00,226.31,60.69,60.2,32.85,153.89,128.5
2026-09-02 09:30:00,222.83,60.54,61.2625,32.82,156.03,134.64
2026-09-01 15:30:00,217.53999,60.95,60,33.13,161.88,132.21001
2026-09-01 14:30:00,217.59,60.98,60.71,33.175,160.73,132.315
2026-09-01 13:30:00,217.4593,60.87,61.18,32.9191,161.61,133.31
